id,split,depth,word,order_index,readout_setting,shots,hankel_entries
P0001S0,cal,1,0,0,R0,2000,e|0;0|e
P0002S0,cal,1,1,0,R0,2000,e|1;1|e
P0003S0,cal,1,2,0,R0,2000,e|2;2|e
P0004S0,cal,1,3,0,R0,2000,e|3;3|e
P0005S0,cal,1,4,0,R0,2000,e|4;4|e
P0006S0,cal,1,5,0,R0,2000,e|5;5|e
P0007S0,cal,2,0-1,0,R0,2000,e|01;0|1;01|e
P0008S0,held_aux,2,0-2,0,R0,1000,e|02;0|2;02|e
P0009S0,cal,2,0-3,0,R0,2000,e|03;0|3;03|e
P0010S0,cal,2,0-4,0,R0,2000,e|04;0|4;04|e
P0011S0,cal,2,0-5,0,R0,2000,e|05;0|5;05|e
P0012S0,cal,2,1-0,0,R0,2000,e|10;1|0;10|e
P0013S0,cal,2,1-2,0,R0,2000,e|12;1|2;12|e
P0014S0,held_aux,2,1-3,0,R0,1000,e|13;1|3;13|e
P0015S0,held_aux,2,1-4,0,R0,1000,e|14;1|4;14|e
P0016S0,held_aux,2,1-5,0,R0,1000,e|15;1|5;15|e
P0017S0,held_aux,2,2-0,0,R0,1000,e|20;2|0;20|e
P0018S0,cal,2,2-1,0,R0,2000,e|21;2|1;21|e
P0019S0,cal,2,2-3,0,R0,2000,e|23;2|3;23|e
P0020S0,held_aux,2,2-4,0,R0,1000,e|24;2|4;24|e
P0021S0,held_aux,2,2-5,0,R0,1000,e|25;2|5;25|e
P0022S0,cal,2,3-0,0,R0,2000,e|30;3|0;30|e
P0023S0,held_aux,2,3-1,0,R0,1000,e|31;3|1;31|e
P0024S0,cal,2,3-2,0,R0,2000,e|32;3|2;32|e
P0025S0,cal,2,3-4,0,R0,2000,e|34;3|4;34|e
P0026S0,held_aux,2,3-5,0,R0,1000,e|35;3|5;35|e
P0027S0,cal,2,4-0,0,R0,2000,e|40;4|0;40|e
P0028S0,held_aux,2,4-1,0,R0,1000,e|41;4|1;41|e
P0029S0,held_aux,2,4-2,0,R0,1000,e|42;4|2;42|e
P0030S0,cal,2,4-3,0,R0,2000,e|43;4|3;43|e
P0031S0,cal,2,4-5,0,R0,2000,e|45;4|5;45|e
P0032S0,cal,2,5-0,0,R0,2000,e|50;5|0;50|e
P0033S0,held_aux,2,5-1,0,R0,1000,e|51;5|1;51|e
P0034S0,held_aux,2,5-2,0,R0,1000,e|52;5|2;52|e
P0035S0,held_aux,2,5-3,0,R0,1000,e|53;5|3;53|e
P0036S0,cal,2,5-4,0,R0,2000,e|54;5|4;54|e
P0037S0,cal,3,3-0-2,0,R0,2000,e|302;3|02;30|2;302|e
P0038S0,cal,3,0-1-2,0,R0,2000,e|012;0|12;01|2;012|e
P0039S0,cal,3,4-1-4,0,R0,2000,e|414;4|14;41|4;414|e
P0040S0,cal,3,2-0-3,0,R0,2000,e|203;2|03;20|3;203|e
P0041S0,cal,3,4-3-5,0,R0,2000,e|435;4|35;43|5;435|e
P0042S0,cal,3,4-2-0,0,R0,2000,e|420;4|20;42|0;420|e
P0043S0,cal,3,0-2-3,0,R0,2000,e|023;0|23;02|3;023|e
P0044S0,cal,3,1-2-3,0,R0,2000,e|123;1|23;12|3;123|e
P0045S0,cal,3,3-2-5,0,R0,2000,e|325;3|25;32|5;325|e
P0046S0,cal,3,0-3-4,0,R0,2000,e|034;0|34;03|4;034|e
P0047S0,cal,3,2-1-2,0,R0,2000,e|212;2|12;21|2;212|e
P0048S0,cal,3,0-3-2,0,R0,2000,e|032;0|32;03|2;032|e
P0049S0,cal,3,1-4-3,0,R0,2000,e|143;1|43;14|3;143|e
P0050S0,cal,3,0-4-5,0,R0,2000,e|045;0|45;04|5;045|e
P0051S0,cal,3,4-3-1,0,R0,2000,e|431;4|31;43|1;431|e
P0052S0,cal,3,4-3-4,0,R0,2000,e|434;4|34;43|4;434|e
P0053S0,cal,3,5-0-2,0,R0,2000,e|502;5|02;50|2;502|e
P0054S0,cal,3,1-0-2,0,R0,2000,e|102;1|02;10|2;102|e
P0055S0,cal,3,4-1-3,0,R0,2000,e|413;4|13;41|3;413|e
P0056S0,cal,3,5-2-1,0,R0,2000,e|521;5|21;52|1;521|e
P0057S0,cal,3,3-5-3,0,R0,2000,e|353;3|53;35|3;353|e
P0058S0,cal,3,4-0-2,0,R0,2000,e|402;4|02;40|2;402|e
P0059S0,cal,3,1-5-3,0,R0,2000,e|153;1|53;15|3;153|e
P0060S0,cal,3,0-1-0,0,R0,2000,e|010;0|10;01|0;010|e
P0061S0,held_aux,3,2-4-5,0,R0,1000,e|245;2|45;24|5;245|e
P0062S0,held_aux,3,3-1-0,0,R0,1000,e|310;3|10;31|0;310|e
P0063S0,held_aux,3,4-0-5,0,R0,1000,e|405;4|05;40|5;405|e
P0064S0,held_aux,3,5-4-5,0,R0,1000,e|545;5|45;54|5;545|e
P0065S0,held_aux,3,5-3-2,0,R0,1000,e|532;5|32;53|2;532|e
P0066S0,held_aux,3,5-4-1,0,R0,1000,e|541;5|41;54|1;541|e
P0067S0,held_aux,3,2-1-0,0,R0,1000,e|210;2|10;21|0;210|e
P0068S0,held_aux,3,0-3-1,0,R0,1000,e|031;0|31;03|1;031|e
P0069S0,held_aux,3,4-5-3,0,R0,1000,e|453;4|53;45|3;453|e
P0070S0,held_aux,3,0-5-3,0,R0,1000,e|053;0|53;05|3;053|e
P0071S0,held_aux,3,4-0-3,0,R0,1000,e|403;4|03;40|3;403|e
P0072S0,held_aux,3,4-5-1,0,R0,1000,e|451;4|51;45|1;451|e
P0073S0,held_aux,3,2-4-1,0,R0,1000,e|241;2|41;24|1;241|e
P0074S0,held_aux,3,3-0-1,0,R0,1000,e|301;3|01;30|1;301|e
P0075S0,held_aux,3,2-3-4,0,R0,1000,e|234;2|34;23|4;234|e
P0076S0,held_aux,3,3-5-0,0,R0,1000,e|350;3|50;35|0;350|e
P0077S0,held_aux,3,2-4-2,0,R0,1000,e|242;2|42;24|2;242|e
P0078S0,held_aux,3,4-5-2,0,R0,1000,e|452;4|52;45|2;452|e
P0079S0,held_aux,3,0-3-5,0,R0,1000,e|035;0|35;03|5;035|e
P0080S0,held_aux,3,4-0-1,0,R0,1000,e|401;4|01;40|1;401|e
P0081S0,held_aux,3,2-0-1,0,R0,1000,e|201;2|01;20|1;201|e
P0082S0,held_aux,3,2-0-4,0,R0,1000,e|204;2|04;20|4;204|e
P0083S0,held_aux,3,1-0-5,0,R0,1000,e|105;1|05;10|5;105|e
P0084S0,held_aux,3,1-0-4,0,R0,1000,e|104;1|04;10|4;104|e
P0085S0,held_aux,3,3-1-2,0,R0,1000,e|312;3|12;31|2;312|e
P0086S0,held_aux,3,5-0-1,0,R0,1000,e|501;5|01;50|1;501|e
P0087S0,held_aux,3,4-5-4,0,R0,1000,e|454;4|54;45|4;454|e
P0088S0,held_aux,3,5-2-5,0,R0,1000,e|525;5|25;52|5;525|e
P0089S0,held_aux,3,3-1-5,0,R0,1000,e|315;3|15;31|5;315|e
P0090S0,held_aux,3,5-2-0,0,R0,1000,e|520;5|20;52|0;520|e
P0091S0,held_aux,3,5-1-5,0,R0,1000,e|515;5|15;51|5;515|e
P0092S0,held_aux,3,4-5-0,0,R0,1000,e|450;4|50;45|0;450|e
P0093S0,held_aux,3,5-3-4,0,R0,1000,e|534;5|34;53|4;534|e
P0094S0,held_aux,3,4-2-1,0,R0,1000,e|421;4|21;42|1;421|e
P0095S0,held_aux,3,5-0-4,0,R0,1000,e|504;5|04;50|4;504|e
P0096S0,held_aux,3,3-2-3,0,R0,1000,e|323;3|23;32|3;323|e
P0097S0,held_aux,3,0-1-3,0,R0,1000,e|013;0|13;01|3;013|e
P0098S0,held_aux,3,1-2-4,0,R0,1000,e|124;1|24;12|4;124|e
P0099S0,held_aux,3,1-4-1,0,R0,1000,e|141;1|41;14|1;141|e
P0100S0,held_aux,3,2-5-0,0,R0,1000,e|250;2|50;25|0;250|e
P0101S0,held_aux,3,3-4-3,0,R0,1000,e|343;3|43;34|3;343|e
P0102S0,held_aux,3,0-4-2,0,R0,1000,e|042;0|42;04|2;042|e
P0103S0,held_aux,3,3-2-4,0,R0,1000,e|324;3|24;32|4;324|e
P0104S0,held_aux,3,0-5-4,0,R0,1000,e|054;0|54;05|4;054|e
P0105S0,held_aux,3,2-5-3,0,R0,1000,e|253;2|53;25|3;253|e
P0106S0,held_aux,3,5-4-3,0,R0,1000,e|543;5|43;54|3;543|e
P0107S0,held_aux,3,5-4-2,0,R0,1000,e|542;5|42;54|2;542|e
P0108S0,held_aux,3,5-2-3,0,R0,1000,e|523;5|23;52|3;523|e
P0109S0,held_aux,3,5-2-4,0,R0,1000,e|524;5|24;52|4;524|e
P0110S0,held_aux,3,1-3-5,0,R0,1000,e|135;1|35;13|5;135|e
P0111S0,held_aux,3,0-5-2,0,R0,1000,e|052;0|52;05|2;052|e
P0112S0,held_aux,3,1-3-1,0,R0,1000,e|131;1|31;13|1;131|e
P0113S0,held_aux,3,5-0-5,0,R0,1000,e|505;5|05;50|5;505|e
P0114S0,held_aux,3,4-1-2,0,R0,1000,e|412;4|12;41|2;412|e
P0115S0,held_aux,3,2-4-0,0,R0,1000,e|240;2|40;24|0;240|e
P0116S0,held_aux,3,3-0-4,0,R0,1000,e|304;3|04;30|4;304|e
P0117S0,held_aux,3,3-5-2,0,R0,1000,e|352;3|52;35|2;352|e
P0118S0,held_aux,3,0-5-1,0,R0,1000,e|051;0|51;05|1;051|e
P0119S0,held_aux,3,0-2-0,0,R0,1000,e|020;0|20;02|0;020|e
P0120S0,held_aux,3,1-0-3,0,R0,1000,e|103;1|03;10|3;103|e
P0121S0,held_aux,3,4-2-3,0,R0,1000,e|423;4|23;42|3;423|e
P0122S0,held_aux,3,4-0-4,0,R0,1000,e|404;4|04;40|4;404|e
P0123S0,held_aux,3,2-1-3,0,R0,1000,e|213;2|13;21|3;213|e
P0124S0,held_aux,3,3-2-1,0,R0,1000,e|321;3|21;32|1;321|e
P0125S0,held_aux,3,2-1-4,0,R0,1000,e|214;2|14;21|4;214|e
P0126S0,held_aux,3,2-0-5,0,R0,1000,e|205;2|05;20|5;205|e
P0127S0,held_aux,3,1-5-4,0,R0,1000,e|154;1|54;15|4;154|e
P0128S0,held_aux,3,3-5-4,0,R0,1000,e|354;3|54;35|4;354|e
P0129S0,held_aux,3,2-5-2,0,R0,1000,e|252;2|52;25|2;252|e
P0130S0,held_aux,3,0-4-1,0,R0,1000,e|041;0|41;04|1;041|e
P0131S0,held_aux,3,1-4-2,0,R0,1000,e|142;1|42;14|2;142|e
P0132S0,held_aux,3,4-3-0,0,R0,1000,e|430;4|30;43|0;430|e
P0133S0,held_aux,3,0-2-4,0,R0,1000,e|024;0|24;02|4;024|e
P0134S0,held_aux,3,0-4-0,0,R0,1000,e|040;0|40;04|0;040|e
P0135S0,held_aux,3,1-2-0,0,R0,1000,e|120;1|20;12|0;120|e
P0136S0,held_aux,3,1-5-2,0,R0,1000,e|152;1|52;15|2;152|e
P0137S0,held_aux,3,2-0-2,0,R0,1000,e|202;2|02;20|2;202|e
P0138S0,held_aux,3,0-2-1,0,R0,1000,e|021;0|21;02|1;021|e
P0139S0,held_aux,3,5-3-1,0,R0,1000,e|531;5|31;53|1;531|e
P0140S0,held_aux,3,1-3-4,0,R0,1000,e|134;1|34;13|4;134|e
P0141S0,held_aux,3,5-0-3,0,R0,1000,e|503;5|03;50|3;503|e
P0142S0,held_aux,3,2-3-1,0,R0,1000,e|231;2|31;23|1;231|e
P0143S0,held_aux,3,2-3-0,0,R0,1000,e|230;2|30;23|0;230|e
P0144S0,held_aux,3,5-3-5,0,R0,1000,e|535;5|35;53|5;535|e
P0145S0,held_aux,3,3-4-2,0,R0,1000,e|342;3|42;34|2;342|e
P0146S0,held_aux,3,0-2-5,0,R0,1000,e|025;0|25;02|5;025|e
P0147S0,held_aux,3,4-2-4,0,R0,1000,e|424;4|24;42|4;424|e
P0148S0,held_aux,3,2-4-3,0,R0,1000,e|243;2|43;24|3;243|e
P0149S0,held_aux,3,1-3-2,0,R0,1000,e|132;1|32;13|2;132|e
P0150S0,held_aux,3,2-1-5,0,R0,1000,e|215;2|15;21|5;215|e
P0151S0,held_aux,3,5-1-2,0,R0,1000,e|512;5|12;51|2;512|e
P0152S0,held_aux,3,5-4-0,0,R0,1000,e|540;5|40;54|0;540|e
P0153S0,held_aux,3,3-1-4,0,R0,1000,e|314;3|14;31|4;314|e
P0154S0,held_aux,3,1-2-1,0,R0,1000,e|121;1|21;12|1;121|e
P0155S0,held_aux,3,3-0-5,0,R0,1000,e|305;3|05;30|5;305|e
P0156S0,held_aux,3,4-3-2,0,R0,1000,e|432;4|32;43|2;432|e
P0157S0,held_aux,3,1-0-1,0,R0,1000,e|101;1|01;10|1;101|e
P0158S0,held_aux,3,1-3-0,0,R0,1000,e|130;1|30;13|0;130|e
P0159S0,held_aux,3,3-4-5,0,R0,1000,e|345;3|45;34|5;345|e
P0160S0,held_aux,3,0-4-3,0,R0,1000,e|043;0|43;04|3;043|e
P0161S0,held_aux,3,1-5-0,0,R0,1000,e|150;1|50;15|0;150|e
P0162S0,held_aux,3,0-1-5,0,R0,1000,e|015;0|15;01|5;015|e
P0163S0,held_aux,3,4-1-0,0,R0,1000,e|410;4|10;41|0;410|e
P0164S0,held_aux,3,3-0-3,0,R0,1000,e|303;3|03;30|3;303|e
P0165S0,held_aux,3,3-2-0,0,R0,1000,e|320;3|20;32|0;320|e
P0166S0,held_aux,3,1-5-1,0,R0,1000,e|151;1|51;15|1;151|e
P0167S0,held_aux,3,3-1-3,0,R0,1000,e|313;3|13;31|3;313|e
P0168S0,held_aux,3,0-5-0,0,R0,1000,e|050;0|50;05|0;050|e
P0169S0,held_aux,3,5-3-0,0,R0,1000,e|530;5|30;53|0;530|e
P0170S0,held_aux,3,5-1-4,0,R0,1000,e|514;5|14;51|4;514|e
P0171S0,held_aux,3,1-2-5,0,R0,1000,e|125;1|25;12|5;125|e
P0172S0,held_aux,3,5-1-3,0,R0,1000,e|513;5|13;51|3;513|e
P0173S0,held_aux,3,2-3-2,0,R0,1000,e|232;2|32;23|2;232|e
P0174S0,held_aux,3,2-5-4,0,R0,1000,e|254;2|54;25|4;254|e
P0175S0,held_aux,3,2-3-5,0,R0,1000,e|235;2|35;23|5;235|e
P0176S0,held_aux,3,1-4-5,0,R0,1000,e|145;1|45;14|5;145|e
P0177S0,held_aux,3,3-4-0,0,R0,1000,e|340;3|40;34|0;340|e
P0178S0,held_aux,3,3-4-1,0,R0,1000,e|341;3|41;34|1;341|e
P0179S0,held_aux,3,4-2-5,0,R0,1000,e|425;4|25;42|5;425|e
P0180S0,held_aux,3,2-5-1,0,R0,1000,e|251;2|51;25|1;251|e
P0181S0,held_aux,3,4-1-5,0,R0,1000,e|415;4|15;41|5;415|e
P0182S0,held_aux,3,0-3-0,0,R0,1000,e|030;0|30;03|0;030|e
P0183S0,held_aux,3,0-1-4,0,R0,1000,e|014;0|14;01|4;014|e
P0184S0,held_aux,3,5-1-0,0,R0,1000,e|510;5|10;51|0;510|e
P0185S0,held_aux,3,3-5-1,0,R0,1000,e|351;3|51;35|1;351|e
P0186S0,held_aux,3,1-4-0,0,R0,1000,e|140;1|40;14|0;140|e
P0187S0,held_depth4,4,4-0-2-0,0,R0,2000,e|4020;4|020;40|20;402|0;4020|e
P0188S0,held_depth4,4,4-0-2-3,0,R0,2000,e|4023;4|023;40|23;402|3;4023|e
P0189S0,held_depth4,4,4-0-2-1,0,R0,2000,e|4021;4|021;40|21;402|1;4021|e
P0190S0,held_depth4,4,4-0-2-4,0,R0,2000,e|4024;4|024;40|24;402|4;4024|e
P0191S0,held_depth4,4,4-0-2-5,0,R0,2000,e|4025;4|025;40|25;402|5;4025|e
P0192S0,held_depth4,4,4-0-3-1,0,R0,2000,e|4031;4|031;40|31;403|1;4031|e
P0193S0,held_depth4,4,4-0-3-0,0,R0,2000,e|4030;4|030;40|30;403|0;4030|e
P0194S0,held_depth4,4,1-0-2-0,0,R0,2000,e|1020;1|020;10|20;102|0;1020|e
P0195S0,held_depth4,4,1-0-2-3,0,R0,2000,e|1023;1|023;10|23;102|3;1023|e
P0196S0,held_depth4,4,1-0-2-1,0,R0,2000,e|1021;1|021;10|21;102|1;1021|e
P0197S0,held_depth4,4,1-0-2-4,0,R0,2000,e|1024;1|024;10|24;102|4;1024|e
P0198S0,held_depth4,4,1-0-2-5,0,R0,2000,e|1025;1|025;10|25;102|5;1025|e
P0199S0,held_depth4,4,1-0-3-1,0,R0,2000,e|1031;1|031;10|31;103|1;1031|e
P0200S0,held_depth4,4,1-0-3-0,0,R0,2000,e|1030;1|030;10|30;103|0;1030|e
P0201S0,held_depth4,4,2-0-2-0,0,R0,2000,e|2020;2|020;20|20;202|0;2020|e
P0202S0,held_depth4,4,2-0-2-3,0,R0,2000,e|2023;2|023;20|23;202|3;2023|e
P0203S0,held_depth4,4,2-0-2-1,0,R0,2000,e|2021;2|021;20|21;202|1;2021|e
P0204S0,held_depth4,4,2-0-2-4,0,R0,2000,e|2024;2|024;20|24;202|4;2024|e
P0205S0,held_depth4,4,2-0-2-5,0,R0,2000,e|2025;2|025;20|25;202|5;2025|e
P0206S0,held_depth4,4,2-0-3-1,0,R0,2000,e|2031;2|031;20|31;203|1;2031|e
P0207S0,held_depth4,4,2-0-3-0,0,R0,2000,e|2030;2|030;20|30;203|0;2030|e
P0208S0,held_depth4,4,3-0-2-0,0,R0,2000,e|3020;3|020;30|20;302|0;3020|e
P0209S0,held_depth4,4,3-0-2-3,0,R0,2000,e|3023;3|023;30|23;302|3;3023|e
P0210S0,held_depth4,4,3-0-2-1,0,R0,2000,e|3021;3|021;30|21;302|1;3021|e
P0211S0,held_depth4,4,3-0-2-4,0,R0,2000,e|3024;3|024;30|24;302|4;3024|e
P0212S0,held_depth4,4,3-0-2-5,0,R0,2000,e|3025;3|025;30|25;302|5;3025|e
P0213S0,held_depth4,4,3-0-3-1,0,R0,2000,e|3031;3|031;30|31;303|1;3031|e
P0214S0,held_depth4,4,3-0-3-0,0,R0,2000,e|3030;3|030;30|30;303|0;3030|e
P0215S0,held_depth4,4,5-1-2-0,0,R0,2000,e|5120;5|120;51|20;512|0;5120|e
P0216S0,held_depth4,4,5-1-2-3,0,R0,2000,e|5123;5|123;51|23;512|3;5123|e
P0217S0,held_depth4,4,5-1-2-1,0,R0,2000,e|5121;5|121;51|21;512|1;5121|e
P0218S0,held_depth4,4,5-1-2-4,0,R0,2000,e|5124;5|124;51|24;512|4;5124|e
P0219S0,held_depth4,4,5-1-2-5,0,R0,2000,e|5125;5|125;51|25;512|5;5125|e
P0220S0,held_depth4,4,5-1-3-1,0,R0,2000,e|5131;5|131;51|31;513|1;5131|e
P0221S0,held_depth4,4,5-1-3-0,0,R0,2000,e|5130;5|130;51|30;513|0;5130|e
P0222S0,held_depth4,4,5-0-2-0,0,R0,2000,e|5020;5|020;50|20;502|0;5020|e
P0223S0,held_depth4,4,5-0-2-3,0,R0,2000,e|5023;5|023;50|23;502|3;5023|e
P0224S0,held_depth4,4,5-0-2-1,0,R0,2000,e|5021;5|021;50|21;502|1;5021|e
P0225S0,held_depth4,4,5-0-2-4,0,R0,2000,e|5024;5|024;50|24;502|4;5024|e
P0226S0,held_depth4,4,5-0-2-5,0,R0,2000,e|5025;5|025;50|25;502|5;5025|e
P0227S0,held_depth4,4,5-0-3-1,0,R0,2000,e|5031;5|031;50|31;503|1;5031|e
P0228S0,held_depth4,4,5-0-3-0,0,R0,2000,e|5030;5|030;50|30;503|0;5030|e
P0229S0,held_depth4,4,0-1-2-0,0,R0,2000,e|0120;0|120;01|20;012|0;0120|e
P0230S0,held_depth4,4,0-1-2-3,0,R0,2000,e|0123;0|123;01|23;012|3;0123|e
P0231S0,held_depth4,4,0-1-2-1,0,R0,2000,e|0121;0|121;01|21;012|1;0121|e
P0232S0,held_depth4,4,0-1-2-4,0,R0,2000,e|0124;0|124;01|24;012|4;0124|e
P0233S0,held_depth4,4,0-1-2-5,0,R0,2000,e|0125;0|125;01|25;012|5;0125|e
P0234S0,held_depth4,4,0-1-3-1,0,R0,2000,e|0131;0|131;01|31;013|1;0131|e
P0235S0,held_depth4,4,0-1-3-0,0,R0,2000,e|0130;0|130;01|30;013|0;0130|e
P0236S0,held_depth4,4,5-0-1-2,0,R0,2000,e|5012;5|012;50|12;501|2;5012|e
P0237S0,held_depth4,4,4-2-3-5,0,R0,2000,e|4235;4|235;42|35;423|5;4235|e
P0238S0,held_depth4,4,2-4-3-0,0,R0,2000,e|2430;2|430;24|30;243|0;2430|e
P0239S0,held_depth4,4,2-0-4-1,0,R0,2000,e|2041;2|041;20|41;204|1;2041|e
P0240S0,held_depth4,4,3-1-4-1,0,R0,2000,e|3141;3|141;31|41;314|1;3141|e
P0241S0,held_depth4,4,2-5-1-4,0,R0,2000,e|2514;2|514;25|14;251|4;2514|e
P0242S0,held_depth4,4,1-2-4-0,0,R0,2000,e|1240;1|240;12|40;124|0;1240|e
P0243S0,held_depth4,4,1-5-4-3,0,R0,2000,e|1543;1|543;15|43;154|3;1543|e
P0244S0,held_depth4,4,3-5-3-2,0,R0,2000,e|3532;3|532;35|32;353|2;3532|e
P0245S0,held_depth4,4,2-4-1-4,0,R0,2000,e|2414;2|414;24|14;241|4;2414|e
P0246S0,held_depth4,4,2-4-2-0,0,R0,2000,e|2420;2|420;24|20;242|0;2420|e
P0247S0,held_depth4,4,5-4-0-5,0,R0,2000,e|5405;5|405;54|05;540|5;5405|e
P0248S0,held_depth4,4,4-3-1-5,0,R0,2000,e|4315;4|315;43|15;431|5;4315|e
P0249S0,held_depth4,4,4-0-5-0,0,R0,2000,e|4050;4|050;40|50;405|0;4050|e
P0250S0,held_depth4,4,4-2-1-0,0,R0,2000,e|4210;4|210;42|10;421|0;4210|e
